sample_id	g__Lactiplantibacillus	g__Ligilactobacillus	g__Lacticaseibacillus	g__Lactobacillus	g__Streptococcus	g__Enterococcus	g__Enterococcus_B	g__Listeria	g__Listeria_A	g__Staphylococcus	g__Bacillus	g__Bacillus_A	g__Paenibacillus	g__Streptomyces	g__Mycobacterium	g__Corynebacterium	g__Rhizobium	g__Brucella	g__Neisseria	g__Burkholderia	g__Acinetobacter	g__Pseudomonas	g__Pseudomonas_E	g__Serratia	g__Yersinia	g__Cronobacter	g__Enterobacter	g__Klebsiella	g__Escherichia	g__Citrobacter	g__Salmonella
1	1.616006921	2.231332524	2.179844384	1.631695663	2.039958854	2.826113155	1.561381749	1.519765706	1.693527046	1.599498766	1.59006008	1.754654653	1.777210007	2.49448772	1.534248041	1.833757618	1.542654516	4.553851769	1.819349561	1.506858492	1.612410275	82.28837725	1.837872728	2.341874228	2.058331423	1.5834979	1.768674747	1.879513997	1.585637189	1.948669228	1.577088871
2	4.977339796	1.59364705	1.941786128	1.619451244	1.664620599	2.539639202	1.942682435	1.549851122	1.640400959	5.508996304	1.629313044	1.528397359	2.201610486	2.063646752	2.339471852	3.662927965	1.529572593	1.516364539	1.702011097	1.671257514	1.827581396	2.216427855	2.056879607	1.926711791	1.509686789	1.57191837	1.546795812	1.514512755	2.425679483	1.566819106	1.783095985
3	10.66492174	1.859164063	1.975988782	1.501486013	2.548040908	2.176954555	4.085487988	1.771477608	1.511255071	2.06505946	1.571224498	1.575587868	2.258076684	1.503049556	2.640108103	1.506189679	1.622984436	1.505613971	1.705810947	2.422892996	1.517207016	2.225378444	4.483220206	1.543033581	2.174299649	1.54628599	2.280071082	1.992682664	1.872918318	1.684323548	1.587449881
4	2.306533366	1.527624147	2.215677674	1.609880178	1.691739786	1.838916973	2.074190712	1.635435515	2.434976637	1.943503539	1.550872086	2.274619088	1.662717406	1.660776315	2.934976361	2.478896004	1.557829534	1.507613737	1.801394368	2.169707383	1.931970727	2.174754707	1.969777177	2.283515814	1.622456294	1.781971806	2.17984509	1.537507423	1.658385102	1.587518406	1.549160572
5	1.508902792	1.640457791	1.575705729	1.773597237	1.672352113	1.511635819	2.355773301	1.549091273	2.179975754	1.952287719	1.584539015	1.612059478	1.749348842	2.193671439	10.12812467	1.678660238	1.658177127	1.501253508	1.562467142	1.524546354	1.579469922	51.06905465	1.592645422	1.770213144	2.038909005	1.575052901	1.557594127	1.519355213	1.784595304	1.562304826	1.531171748
6	2.197202145	2.172418152	1.564737121	2.307871534	1.672805792	1.655053829	1.724027239	1.623565936	2.045845268	3.945589655	1.660352617	1.517975043	1.904958089	1.681532899	3.22502238	8.585853172	1.595539326	1.506865182	2.548880063	1.563749974	1.997355369	1.558313038	1.896376234	1.820669377	2.33145936	1.985795208	1.820130338	1.846145208	1.640669903	2.559943847	1.512070983
7	1.629649032	1.786978551	1.766931182	2.596603004	1.752635764	1.750177058	1.576666935	1.844982833	1.71958832	1.555358148	1.751929063	1.691856796	2.077780824	1.749955332	2.215323806	1.672197072	1.536860565	3.153851906	1.725733851	1.798251216	1.661500757	1.511883165	1.727272505	1.953043387	2.285525495	2.40741752	3.007747425	1.587606414	2.062769791	1.76673629	1.593671935
8	1.820560871	1.7389791	1.778378728	3.121653756	2.445430681	1.984551851	1.764996559	1.537337742	1.509541419	1.530271431	1.754050839	2.067681895	1.852724388	1.752368533	2.252155529	1.763579847	2.26257115	1.606805326	2.115675112	1.846980626	2.66190936	1.509034792	1.779635054	1.74644602	2.42260306	2.678480782	2.175479151	1.550270229	3.113945354	1.770269973	1.539208148
9	1.70371416	1.648016193	2.59779327	3.428657323	1.955005294	2.359723915	2.472016578	1.800036109	1.507561959	1.735614389	1.752564189	3.762676628	1.792617963	1.936310032	2.481084804	2.137080413	1.506156434	1.597886836	1.522247821	1.9534665	1.85533183	1.538647202	1.794188002	2.053410139	1.575677176	2.130399911	2.260224111	1.527837728	3.107783378	1.555593427	1.501104965
10	2.055025604	1.61530919	1.600634007	4.45040543	3.002935596	1.925385988	1.657118359	1.529494623	2.262560796	1.559297509	3.415695422	1.532409348	1.870152349	1.823934291	3.120397451	1.576986523	1.783302064	1.579428904	1.657659203	1.682932264	1.671180509	1.551472561	1.565052632	2.915056117	1.730510488	1.562744118	3.202586743	1.591972409	1.652505883	1.649145049	1.504241599
11	2.110678298	1.546026651	1.7684639	2.100555823	1.596840846	1.932306497	1.626659542	1.640007359	1.847663774	1.56857782	1.697195921	1.903324246	8.42978096	2.702420772	2.566208618	3.261263641	3.209297538	1.643372879	1.535348715	1.870760232	1.662601456	2.403238025	1.62375846	1.793308994	1.652980097	1.579884257	1.564803725	1.500141287	2.619640948	2.239374498	1.662030195
12	1.699942837	1.916332112	1.919254769	2.048559075	1.839549931	2.086122975	2.038179069	1.635374614	1.666204015	2.047558616	2.502609071	5.904542182	2.792584222	1.94587492	2.097125608	1.928687342	1.561014182	1.618024302	1.699823329	1.624019143	1.66562557	1.631780466	1.525535578	2.389162957	1.815570535	1.53103256	1.670077497	1.710463917	1.547795561	1.564704753	1.511351967
13	1.553207564	1.724233838	1.552369928	1.846425515	1.868898267	1.841649775	1.522234705	1.521758923	1.849258352	1.94275972	1.559475752	1.629625576	5.255083225	1.625567637	1.712926542	1.675415279	1.787226754	1.618110254	1.643565309	1.549356417	1.877982888	1.532149956	1.550735365	1.790242695	2.622724145	1.902160966	1.516443717	1.687827832	1.690628805	1.619712532	1.51045922
14	1.747649514	1.876544201	1.873133949	7.79886751	2.270289538	1.686989431	1.525412875	1.762939655	1.742519104	1.64613455	1.523638709	1.508374418	2.488392487	1.699726295	1.698898997	1.605783934	1.540229596	1.562388654	1.630116783	1.596903045	1.73306049	1.506820475	1.662308738	1.518927078	1.590153854	3.983668125	1.619031004	1.575700686	1.814541192	1.639817712	1.577341364
15	1.63587024	1.705687131	2.065975777	1.850102111	1.880147396	1.646349085	1.685120696	1.624635748	1.618569821	1.589145531	2.319508391	3.806071488	1.602748949	1.519260092	7.879735748	1.929053602	1.776047334	1.939812954	1.557116791	1.646310385	1.528111205	1.711390027	1.835693416	2.252700153	1.948841536	6.084328045	1.618970893	2.213430949	1.748264269	2.272421605	1.689728917
16	2.041544232	2.301274281	1.524280498	2.708643112	1.675610338	1.670992314	6.713683578	1.542443832	1.510665519	2.323255934	2.145121676	1.553698729	1.51724929	1.57612267	2.58432046	1.633419643	1.590606324	2.033517167	2.525215695	1.619743189	1.550235745	1.614647977	1.603797464	2.865683001	2.213432013	1.527931124	1.652191472	1.885483252	2.248960964	1.558870449	1.613743086
17	1.864149934	2.49423272	1.518000956	1.721958961	2.490105714	2.183909718	2.323543312	1.50322928	1.717783366	1.746333714	1.593799365	1.576428597	2.954989413	1.51583482	4.230219652	1.834240015	1.821271776	1.890719896	1.752722965	1.695242389	10.21602698	1.675819679	1.502675566	1.761973499	2.137058503	1.597957651	1.696763573	1.551185598	1.70062308	1.527612169	1.537128366
18	2.419868364	2.720665321	1.537325338	2.240659461	1.513948048	1.596788117	1.703106801	1.716054465	2.618904236	2.633617418	1.795044309	1.672892206	4.330286031	1.560842998	1.67606516	1.820823984	1.61119358	1.772517351	1.777734868	1.600079201	1.594370315	1.603954981	1.798520213	2.003855603	1.996711163	1.762766209	1.793249774	1.581982374	3.142801223	3.153536994	2.121429182
19	1.840743457	10.79058017	1.701428387	1.765103562	4.042665525	1.505518153	1.582532883	1.717730256	1.665791056	1.756827745	1.684609628	1.601963587	2.731879212	1.506096332	2.545611819	2.448318597	1.59297555	2.011427785	2.331322675	1.868525904	2.076794068	1.993106256	2.600650835	1.627515359	1.540732878	1.701956072	2.730389306	1.978884947	2.684662684	1.807547297	1.511338363
20	1.813590737	2.066275905	9.417216168	1.714928186	1.921414203	1.642820528	1.85176426	1.763513371	1.695679173	3.209770402	1.782120928	1.886644266	3.643625984	1.885414465	1.70280211	2.115654392	1.547231347	1.824419569	2.748215953	1.598780678	2.433653097	2.035052216	2.86884709	3.215848214	2.137874289	2.403126191	1.504888886	1.539095674	1.526951674	2.743973882	1.992900483
21	1.663929318	3.521919646	1.676688356	1.556846924	2.104986616	1.676292122	1.754464168	1.679020862	2.394514132	1.603902443	1.51080942	1.647121664	1.588668212	1.511752698	1.684425931	5.319257516	1.748651262	1.998653521	1.802090417	1.598917345	1.512791379	2.164787004	1.69202156	1.963743996	1.784318267	1.533145612	2.167207624	2.019795872	5.040038979	1.582291957	2.358818717
22	2.489230567	1.870033854	1.618939402	2.149860496	1.593716278	1.616325623	2.235274546	1.727997894	1.578758545	1.562525226	2.341485283	1.612216428	1.563733103	1.501373466	1.54972998	1.592160562	1.571926431	1.55280706	1.7570319	1.55651606	1.659997349	2.011739205	1.584250473	1.664730968	2.696184167	2.348541681	1.560018273	1.941536164	1.661904071	1.512097538	1.516042125
23	1.89733015	10.66498054		2.118741753	1.629859332	2.147769134	1.513519587	1.844348237	1.635119034	2.345673144	1.5707502	1.603721806	2.821559008	2.659120534	2.636061339	167.6111062	1.687853274	1.740823853	2.625201401	1.584926915	1.820319938	1.686056098	1.577108438	1.913664906		2.497312649	1.666415675	1.616139022	2.254211434	1.586753837	1.748189737
24	2.976012801	1.962459561		3.495184883	1.573629185	1.637611609	1.76348611	1.823571232	2.070821845	2.243081474	2.417476238	5.806000059	4.970956919	4.498354536	4.613114821		1.599293452	1.657460421	2.627410688	1.628830912	1.645641499	2.645170795		2.311627344		2.775967246	1.698008609	1.878203606	1.879583687	1.550014186	1.573129461
25		1.592624826		1.505477654	2.77483482	1.672831957	1.526803842	1.947521316	1.734585202	1.862679443	1.92483893	2.377470245	1.921678334	1.851943676	11.33668935		1.586223392	2.020929009	2.62815101	1.581095524	1.5842987	2.517651329		2.618853993		3.154287781	1.741525276	1.611770321	1.847959258	1.510254517	1.668181314
26				1.506095366	1.500381038	2.406461171	1.530037985	1.927982109	2.009633092	1.704342745	3.753608433	2.654126347	2.033983758	3.008116713	2.190631264		1.515824739	1.577047227	1.553349129	1.514303178	1.826249262	1.722704815		1.689326335		3.565647487	1.630033937	1.878765475	2.353231258	2.474051373	1.587600177
27				1.77869523	1.636386904	1.823602812	2.790180264	1.712080084		2.118220096	1.747719735	3.554180466	1.82340972	1.553754963	4.868626622		2.046161494	1.54358496	1.623620277	1.520627521	2.156518727	2.712114358		1.659269426		2.69381582	1.611377499	1.561371032	2.253338824	1.510168195	1.539963935
28				3.821098751	1.579108536	1.502609355	1.824389835	2.288722564		1.673575966	1.675096397	2.743313718		2.132713123	4.588865995		1.57678155	1.546721748	1.586316051	1.879569486	1.594068175	1.960506087		1.700321046		1.500379119	2.262595602	2.192935854	2.008334759	3.112930661	1.535385272
29					1.621108113	1.562278182	2.08786896	2.556976056		1.68215827	1.608085403	2.459283773		6.052155768	2.271226801		1.567338323	1.818081799	1.608989305	1.522302401	2.424104073	1.845842266		1.757614785		1.816221965	2.455970831	2.437912013	1.669251631	1.551427229	1.513200306
30					1.585693467	1.775956654		1.811678932		2.198840511	1.797952809	3.49717446		1.606286823	2.18889019		1.553110844	1.880524119	1.965792085	1.619788951	1.576290279	1.651538731		1.530893756		3.852718944	1.989820436	2.452245264	2.27182567	1.627942031	1.563612618
31					1.689565533	1.505006649		1.852491788		2.206806528	1.635288929	1.715354042		1.85995026	1.611431916			1.585070169	1.965388982	2.186540053	1.677071842	2.241915165		1.78898632		1.596128785	1.528376985	1.984393403	1.827903984	1.65296014	1.603936299
32					1.750538257	1.959805695		1.825634888		1.634087757		1.57127208		7.709872712	4.105631893			1.520041578	2.241266033	1.587073065	1.994304932	1.562746951		1.583657101		1.711223528	1.850393067	1.558331874	5.326266153	1.898261266	1.595655055
33					1.714145629	1.516764049		2.335204962		2.172034346		3.688290609		2.241790675	1.992910103			1.520194457	1.808474242	1.523490551	1.564868641	1.539500151		1.531089504		1.958085579	1.661022203	1.554275556	7.040220524	1.548751093	1.742992767
34					1.569066903	1.550246819		1.811680406		2.472377948		2.784886002		35.76609636	2.60657832			1.633755302	2.065271903	1.612352447	4.603500718	2.306032416		1.567832614		2.001073252	1.764680619	1.839616955	1.787338077	1.508117185	1.710299288
35					1.523686311	1.815478865		1.714399371		3.226871603		1.541954385		3.063415309	2.129656532			1.644688375	2.711875347	1.641077146	2.287692477	2.49515709		1.771503032		1.698361916	1.615778432	1.563004914	1.796453925	1.527605754	1.518377905
36					1.698824033	1.662462258		1.796939756		1.517985123		2.729193563		2.275802187	1.949576464			1.595706446	1.945909321	1.839560872	2.930020437	1.626162749		1.717633635		2.027028203	1.791214513	2.310246958	1.569747038	3.430765187	1.50286684
37					1.577587408	1.728394968		1.523924741		2.643982846		3.85684469		9.968932231	1.958642852			1.733146766	2.440456416	1.620373159	2.027142086	1.695460273		1.500160055		3.059635546	1.66032468	1.688511785	1.702895477	1.735962686	1.957273138
38					1.634914137	2.121095692		1.504162982		2.820091988		1.509738746		3.458116274	2.053356402			1.622114221	1.786296219	4.044138311	2.502755351	3.047811985		1.578731439		1.777645796	1.649856074	1.934556494	1.508103306	1.646951531	1.835920155
39					1.753939736	1.628268373		1.570542528		2.143610462		1.718423092		1.659967374	1.690390779			1.66067499	1.552565468	2.362889324	1.616722261	2.507852149		1.660662807		1.88925011	3.03588009	1.515971584	6.041186822	1.533031989	1.915314197
40					2.485850419	1.556163248		2.044903525		1.991775935		1.541303324			2.844501872			1.571009506	1.930989539	1.688439559	1.50998794	1.638922906		1.578815454		1.69141004	1.637867065	1.599698361	1.783116564	1.557375399	1.884343342
41					2.051034375	1.747103357		1.710011072		1.963339981		2.194635852			1.76076488			1.98754763	2.287779101	1.671283154	2.18984697	1.559768132		1.962865976		1.606174349	1.537631857	2.044903289	2.844950619	1.683054002	1.959935921
42					2.025430932	1.514329073		1.798672522		2.948915385		2.293094859			1.944382626			1.578714379	1.737462085	1.58746024	1.509051836	2.462303198		1.644394666		1.837195799	1.906754588	1.513636772	1.500902534	2.621435472	2.018002777
43					2.828535561	1.776053594		1.535259211		1.561065434		3.477102042			1.891912687			1.86045717	1.551872789	2.794701944	1.751784388	1.600699378		1.607304676		1.527009189	2.075881485	1.989621889	1.531605167	1.689624837	2.039835166
44					1.684287713	2.352105191		2.039145834		2.010543193		1.571965024			7.816236559			1.506900625	1.615337118	1.585952917	1.727508914	1.69095629		1.822193388		1.522035296	1.500176091	2.099805862	1.567231985	2.250915812	1.818196003
45					1.538402846	2.197155936		1.684619328		2.4996677		1.558103339			1.715721958			1.871142347	1.696856046	2.402636523	1.938201728	1.506807841		1.680190013		1.7417347	1.833951794	1.714640559	2.253983233	1.769855563	1.808548296
46					1.581506408	2.900148623		1.616403275		1.517917136		1.701118893			1.549127198			1.593660847	2.710884048	2.040595016	1.695070347	1.735068654		1.553673864		1.567446253	1.862816929	1.905560949	1.87492683	1.714450859	1.854044115
47					1.726058707	2.136709571		1.882146789		1.590130137		2.023195548			2.1790751			1.919886258	1.699878358	2.008972775	8.901990521	2.649865194		1.745423268		1.650377148	1.611586901	1.811367755	1.781350583	1.507256801	1.943501966
48					1.950883043	1.500925093		1.862088911		3.52127247		1.891108108			4.104353741			1.791582247	3.183871461	2.047846263	2.315195908	1.560555085		2.473610657		1.621726654	2.579905743	1.85248068	6.133286156	1.767324489	2.058606516
49					2.143755241			1.802492847		1.584762786		1.955708179			1.821613387			1.632163701	1.889933892	2.052809799	1.95175056	1.631510427		1.558271869			1.65131954	1.609145561	3.326156248	1.523221229	1.962261954
50					1.576161386			1.661263635		3.972487071		2.002889394			3.696403407			1.502424576	5.546626365	2.968840763	2.323971976	2.857804691		1.502016674			1.535859683	1.703850055	1.80645377	1.533588255	1.96092951
51					1.95398121			1.510930948		1.629866686		1.73267899			1.512670218			1.543129779	2.67104442	1.627755762	2.100339949	2.565545821		1.568817939			1.870630992	1.552581027	3.074109097	1.54775373	1.847516386
52					1.650004356			1.504545017		2.339599433		1.638516944			2.082348488			1.504207883	8.018082157	1.822759339	1.54860521	2.018117231		1.692802205			1.752809872	1.750995911	3.087613884	2.77900048	1.783968444
53					1.584945422			1.763908844		2.525710857					1.770260328			1.565601641		1.561481324	1.578969383	1.673923692		1.715407993			1.949474758	1.889270356	1.704877999	2.367526286	4.04469135
54					2.06038561			1.828494109		1.570107527					1.544038044			1.507455137		1.557630598	2.422280574	1.881315509		1.866348795			1.672645852	1.641462104	1.892479664	1.518518519	3.227222187
55					1.894736238			1.58382613		1.561624776					3.571218845			1.604561894		1.511998032	2.084218142	1.899265822		1.953726341			1.517871822	2.256919609	2.437461667	1.714192247	2.22105711
56					1.53361834			1.638132091		1.531660366					1.77449579			1.84768864		1.715518486	3.196821196	5.292189026		1.50855994			1.629344832	1.661762545	1.588089814	1.643692846	2.061566649
57					1.61795886			1.737865895		1.620461436					1.520491652			1.623318431		1.926954939	1.59079607	2.041092194		1.708944809			1.726473607	1.714144321	1.757930537	1.821725154	1.802696585
58					1.556764247			2.02788062		1.563360918					1.797857621			1.604132677		1.540521524	1.622876372	1.912656958		2.130136598			1.700234115	1.992518789	1.98511137	1.598283567	1.909790072
59					2.265827601			1.702002711		1.747721473					1.535564974			1.515603644		1.566726405	1.734138539	2.351640965		2.210971973			1.782048436	1.595545714	1.904148709	1.817173512	1.658343889
60					1.674728096			3.820274184		1.637665829					1.941774556			1.543816375		1.630276448	2.43104082	1.531706343		1.749934295			1.645137401	1.658823834	2.855556406	1.555754112	1.861333727
61					1.920077292			4.37991442		1.788109013					2.117383391					1.828041814	1.535088886	2.024901016		1.702388488			2.552051891	2.140068897	1.64345142	2.668473218	1.910448928
62					1.757390809			3.858462508		1.870129437					3.993300394					1.744871859	2.61264198	1.742566778		2.103396322			3.801658064	2.259573082	1.517704871	1.722667408	1.989409634
63					2.668914725			4.929443184		1.854083721					1.817064814					1.646292138	1.588603727	2.081078351		2.041650842			1.743055929	1.526169344	1.952280977	2.196296216	1.573721039
64					2.73784335			1.911476022		1.657935124					2.377390301					1.596284906	3.911771122	1.779717438					1.838505038	1.562950725	1.585973831	1.983235515	1.776217689
65					1.852203061			1.870173376		1.521056067					1.516206895					1.557783076	1.61718523	2.115633924					1.607475517	1.568880809	1.50348694	1.609566585	1.626793713
66					1.843794325			2.067321887		1.639795511					2.133264149					1.500850424	2.538967314	1.563178172					1.699245623	1.556129846	2.201230078	1.575001715	1.539090116
67					1.935022968			1.777193853		1.8183817					2.175067426					1.522660007	1.564731824	1.828224966					2.153260216	1.605913479	1.67529777	1.700601104	1.543522531
68					1.591784922			1.513792521		1.576668547					1.571876417					1.511553088	1.66388657	2.080181649					2.225520424	1.629395933	1.548180906	2.175503811	1.542430781
69					1.847216814			1.674432746		1.675519014					1.591925417					1.635368815	1.502627059	1.559166492					1.544321659	1.668420993	2.380470993	1.77444806	1.597132212
70					1.871344126			1.571938853		2.056235743					2.629639477					1.884848023	1.981611367	17.80357058					1.561781801	1.555618695	1.509301073	2.216156909	1.836679088
71					2.02566538			1.701558724		1.985797651					2.448697351					1.582919173	2.595593409	1.981721866					1.524480011	1.559630638	1.750298602	1.87292866	1.741391465
72					4.692018119			2.075043493		1.763359571					1.576092028					1.559040565	1.531782093	1.855896433					1.591404651	1.585871029	1.605633229	1.510836927	1.771635671
73					1.92403602			1.6448781		2.135767471					2.806459475					2.639489771	1.695070347	2.134330875					1.519931695	1.549312426	1.757160605	1.503104869	1.980387529
74					1.821286547			1.639181241		1.562771303					2.477832571					3.837293592	1.756817518	1.537228221					1.547031646	1.607739051	1.601256013	1.541335135	1.93605023
75					4.078319346			1.641095956		3.230186518					2.128387147					2.459100105	1.681018997	1.869046554					1.744143976	1.563606292	1.68365766	1.728431724	1.532651485
76					1.84602116			2.173296512		1.674980991					1.882384513					1.723754634		2.277695713					1.72160204	2.016234894	1.633132844	1.541195077	1.873938784
77					1.825929727			1.86461675		1.686531731					2.874126003					2.490228054		1.643859873					1.524642468	1.724550705	1.711153213	1.722801831	1.910953383
78					1.534400993			1.624452219		1.56507893					1.601885657					1.845613891		2.266953185					2.35364471	1.972003378	1.625108322	1.517536832	1.981336651
79					1.62041917			2.613858509		1.608537028					2.100455848					1.620108279		1.71286296					1.607188275	1.781301548	1.683410549	2.021493	1.901182986
80					1.676933384			1.676902458		1.923643817					2.256005229					2.307748595		2.169147405					2.037925431	1.869162691	1.589177219	1.595783657	2.024672758
81					1.68929088			1.608325092		2.22252105					2.794853928					2.207674688		1.597852725					1.530732931	1.843097364	1.699169639	2.028793167	2.02022785
82					5.913574872			1.793588683		2.321891004					2.001456955					2.380868653		1.814551651					1.636039221	1.591882247	1.80258819	3.649344975	2.078976605
83					2.175943465			1.69657657		1.794907575					4.248135108					5.445521325		1.569367542					1.695071862	1.681298526	1.572110417	1.503079025	1.755906392
84					1.571575571			1.748212404		1.945588219					5.386014177					2.635724091		1.996143758					1.513758929	1.624731267	2.022983632	1.731096632	1.8970316
85					2.030219914			1.722269229		1.543518956					1.587380736					2.898144469		1.849064602					1.568453948	1.605102036	9.405154455	6.402400665	2.121918394
86					1.673105221			1.740821919		1.558587357					1.5832894					1.537799468		1.69906032					1.925110388	1.669104338	2.421332441	1.512137285	1.721940193
87					1.511475277			2.020294813		1.761192378					2.264858797					1.836196103		2.136300981					2.452368997	1.550215606	2.056734674	1.554272866	1.632241386
88					2.389896719			2.103621525		1.515177057					2.534654782					1.767374002		2.768196941					2.385419631	1.828901315	1.635251807	1.609275657	1.680219653
89					2.418913843			1.866329868		2.044751893					2.101618311					1.509608062		2.689693136					2.080217335	1.622199407	1.733214632		1.759012165
90					6.810817415			1.665162207		2.342968591					1.574668079					2.671632112		1.769728644					1.750856498	1.658540827	1.501976886		10.39021652
91					1.691862868			1.941889252		1.650154838					2.358877978					1.757966844		1.625949289					1.772579922	1.921715205	2.047027492		1.794128464
92					1.690245694			1.671719764		1.639012088					1.719071539					2.483282268		1.576288416					1.591938244	1.718730925	1.543405959		1.834130835
93					2.213183309			1.604836351		1.982930972					1.815931335					1.872005679		2.037706364					1.614487955	1.612757148	1.669671152		1.644377948
94					2.250418852			1.54465644		1.572712857					2.147970887					1.519674883		1.64925046					2.175469207	3.062259723	1.532399078		1.764375842
95					5.43488132			1.673261631		1.940535053					1.600393335					2.033157339		2.096529648					1.663867231	1.797646299	1.776521555		1.651582255
96					1.503046942			1.50792518		1.559959527					2.191386151					1.922704343		1.669654393					2.227245368	1.635414947	1.939427842		1.939980962
97					2.689427254			1.855824354		1.512990783					2.085958967					1.686734079		2.07218568					1.856468757	2.340944038	1.517480232		1.59038192
98					1.599817765			4.635516939		1.537558869					2.273312987					2.626417626		1.693276406					1.742568523	1.684252405	1.800540657		1.971560788
99					4.030002916			2.592404818		1.929234186					3.077907759					1.695036243		1.505656838					1.662529442	2.128122828	1.556520378		4.41878381
100					2.514075065			1.539186201		1.836307125					2.204226329					1.822285382		1.557377575					1.567385349	2.042588685	1.602365778		1.923070737
101					1.751442479			1.731772049		1.570491726					2.866025798					2.569222689		1.856354452					1.50015792	1.67698851	1.510150429		1.633708178
102					1.817596168					1.918587858					2.686126273					1.740738523		2.67077937					1.649723405	1.697247775	1.684944123		1.743846825
103					1.980504017					2.636189495					2.165137757					1.81063051		1.730145822					1.975842491	1.96996594	1.522118531		2.16321249
104					3.730562499					2.005100312					1.87610138					1.575658148		1.731509129					1.622250558	1.602633369	1.518081741		2.251998288
105					1.681598143					1.755407579					3.413588981					2.320315767		1.757352404					1.620941483	1.520214802	1.504317619		2.142261442
106					1.529442071					2.417806413					1.606561887					2.342102235		1.605628697					1.757775554	1.581315525	1.50712998		1.699759067
107					1.81760473					1.564505828					1.874362107					2.485228129		1.513043478					2.110187762	3.31319065	3.601375267		1.73503627
108					1.986644979					1.519267938					1.852972237					1.5287891		1.52114611					1.792143382	2.752722355	2.946446274		1.582440772
109					1.726886521					2.047234862					2.081793827					1.881826817		1.617058482					1.80376149	2.214817527	4.226294849		1.542590291
110					2.158121759					1.731017585					2.72987029					1.626876422		2.038232061					1.729000518	1.532637276	3.909426468		1.524667121
111					4.590491267					1.928725928					1.840845841					1.732372043		1.597038455					2.61430158	1.57921022	1.68801465		1.722067715
112					4.183311372					1.503400229					1.535412666					1.815273947		1.902445987					2.332398887	1.885242751	1.706695801		1.972803395
113					1.671920515					2.028160793					2.926312509					2.157436962		2.029732912					1.687440549	2.000285162	4.106951651		2.512641163
114					1.514161206					2.609867599					1.991588977					1.548154759		1.719741158					1.531971267	1.658096491	3.271780262		1.567707209
115					1.506429547					1.52453589					2.023956613					1.6444921		1.821603363					2.12015749	1.964430654	2.123912501		1.991611923
116					1.544617376					1.668647966					1.649335386					1.641649814		1.596631708					2.019002341	1.630100032	1.983531185		1.617717171
117					1.729406317					1.571559296					1.823216625					1.687715365		2.701429136					1.563262092	1.904341805	1.66902523		2.010115035
118					2.614366437					2.182957442					1.550483152					2.118809036		1.582188729					1.617098601	1.558695537	1.581335267		2.203944401
119					2.012367442					1.504676806					1.651949977					1.783613744		2.817251766					1.577809748	2.962668787	1.903883612		2.969000155
120					1.729756843					1.581586596					2.177957075					1.541864357		1.634026081					1.728188382	1.506640267	1.998270153		2.003040654
121					1.51176641					1.926184577					1.778584171					1.865167133		2.15605222					1.943183389	1.537539601	1.508257413		1.55475795
122					1.761455976					1.528717734					1.58934836					1.549617382		1.604274678					2.025541881	1.789195665	1.652743995		1.700341168
123					1.975987249					2.248531981					1.97605838					1.669657156		2.39343412					1.821035812	1.867346029	1.886499733		2.115251109
124					1.774374786					1.525451732					1.515258609					1.809474123		2.002055233					2.614133712	1.625144595	2.017599299		1.628759585
125					1.916860888					1.804437756					1.872528572					1.924953439		1.513860245					1.830414389	1.561343957	1.503588369		1.546623625
126					2.554685167					1.984738522					2.849012144					1.533518953		2.15313571					2.117205753	1.745131968	1.614029001		2.066992209
127					1.561561771					3.05238952					1.775995272					1.68137324		1.575202235					2.159049631	1.684482209	1.843519686		1.777732366
128					4.043207483					2.283316299					1.757975131					1.575546423		1.736289603					1.537775338	1.846839688	1.676157817		1.569430618
129					1.640366664					1.541927452					1.773783068					2.286406301		1.591930175					1.606989504	1.576015282	1.569588352		1.663415431
130					1.577944965					1.628598822					1.750158163					2.073299719		2.265760566					1.69323283	1.575110149	1.649530841		1.553202242
131					1.645479682					2.056663768					1.555998079					1.857066949		2.032883109					1.835173478	1.701561945	1.573650746		1.508975137
132					1.500879685					2.20058945					1.551284526					1.720436608		2.202891786					1.508612878	1.543507691	1.974502015		1.641672375
133					2.157997229					1.816943738					1.57464731					2.720646551		1.702300295						1.709036842	1.602568557		3.090656548
134					2.56168931					1.761530327					2.391569265					1.635802171		3.02397425						1.845342405	1.95832551		3.400878779
135					2.154232581					1.612661274					2.256292956					1.786251752		1.751875706						1.87714326	2.67901091		2.693013053
136					2.050430133					1.539170959					1.775340832					1.586006977		1.816865736						1.501459666	3.728379832		4.954767884
137					2.079314746					1.574043889					1.92646316					1.861762541		1.562169164						2.034144989	1.508420839		5.801509315
138					1.534586153					1.597784577					1.609003741					1.613051423		1.735101762						1.505516454	1.551204009		3.970860698
139					2.002756413					1.569442504					2.329463673					1.6423516		1.613984497						1.68284814	1.774758764		4.645998742
140					1.715216151					1.551358698					1.578852084					1.514550651		1.79221719						1.672316113	1.923329807		2.921532114
141					1.504482175					1.966119706					1.682788373					2.170499615		4.397988942						1.852282251	1.853193232		4.151176142
142					2.762572191					1.82066611					5.544462662					1.512040979		1.735182283						1.810939942	1.912187109		4.67776817
143					1.847533959					1.660029969					1.839589492					1.793489726		1.934693223						1.817584241	1.760308677		3.155860935
144					2.346801669					2.788719888					2.587312327					1.623640034		1.752672006						1.660006531	3.265843703		3.337695577
145					1.523935972					1.608247728					1.643484871					1.748451154		2.374655321						1.735087916	2.042658119		3.875161432
146					3.190498403					1.606560116					1.970122516					1.500613218		3.191112683						1.548432304	1.96151471		2.508029964
147					1.92693995					2.501411719					1.76521733					1.963202305		3.689750039						1.805197527	1.686533857		3.403936994
148					1.769273048					2.527472016					1.690329539					1.736896626		1.896052777						1.656214544	1.531477879		4.228862797
149					8.423970453					2.178890463					1.924118844					1.644807742		1.662612785						1.846606322	1.708644901		2.429991195
150					1.635345373					1.678109139					1.714007758					1.884164692		2.080021929						2.022050194	1.549462851		1.977641368
151					2.997439073					1.510266167					1.516359695					1.553179739		2.136128438						2.258899935	1.550960099		2.355818891
152					1.930429403					1.972708157					2.555015414					2.174358443		1.677928145						1.831225527	1.615036981		1.622908151
153					1.705899551					1.52184285					2.107752066					1.558697038		1.50041692						1.763637679	2.119643892		1.594340096
154					9.116598387					2.325298948					1.822986199					2.124134956		1.809621956						1.702873595	1.706741508		1.5575717
155					1.537956736					1.990665539					1.763946859					2.070349247		1.999136621						1.620894063	1.692505671		1.806853078
156					1.577611374					1.699832021					3.140620696					1.576370335		1.558859754						1.82341744	1.5508876		1.715183143
157					1.593866982					1.54097691					1.877842167					2.052278907		1.566756247						2.343168177	1.95186687		1.816115848
158					1.766866888					1.507633422					1.548327306					1.674710344		1.523798354						1.682252877	2.222503366		1.714862432
159					2.146584944					1.644333066					1.714421764					1.710742174		1.884801696						1.869246769	1.517471518		1.750079839
160					1.552110003					1.558500985					1.917228245					1.606848639		1.722103035						1.974847505	1.509297219		1.769580298
161					1.645769879					2.360205384					1.72753772					1.501790599		1.733399584						1.761455082	1.574109437		1.607857845
162					1.721869954					1.686808351					2.966023154					1.87601182		1.566954767						1.666919055	1.516342689		1.546197972
163					2.631633797					2.305422995					1.75279463					1.676265538		1.563101296						1.500783014	1.66831426		1.575697669
164					1.710194744					3.123462857					1.556951078					1.512510641		1.709133152						1.71643086	1.991463662		1.720931935
165					1.552249907					1.797706795					1.834127354					1.610857734		1.504119175						1.539295517	1.973095604		1.677609119
166					1.619853737					1.502015001					1.573347574					1.762581271		1.616030034						2.040097801	1.507124031		1.896481445
167					1.712140289					2.108266558					1.677606212					1.854437812		1.576005107						1.556891524	1.539354861		1.626117622
168					3.095675757					1.770160033					1.911460161					1.50655023		1.761293684						1.501752535	1.671041118		1.825693998
169					1.697390244					1.987833663					1.533988791					2.031086878		1.939238091						1.591166407	1.665292715		1.808854478
170					2.582061572					1.835080382					1.815939791					1.618578819		2.07325386						1.666121931	1.685264735		1.540075593
171					1.600599823					2.326392522					1.937606929					1.689874898		1.693041252						1.528977082	1.536228138		2.464517442
172					1.84582649					1.635184983					1.577487924					1.870346951		1.579260837						1.53196758	1.628085262		2.359387142
173					3.946535132					2.097001415					2.008969909					2.063214721		1.57413069						1.502657655	1.588847205		2.167475233
174					2.681731942					1.500951572					1.591190598					2.381791899		1.706897176						1.776166316	1.502647247		1.774255787
175					2.024771553					1.824867738					1.516569158					2.071797957		1.907669054						1.564656161	1.573652668		1.745586181
176					1.899335858					1.522274341					3.224977363					1.78098575		2.151875058						1.74241493	1.86285254		1.568960614
177					2.263814291					1.586751213					1.670407998					1.538650014		1.501354741						1.543196559	1.594688194		8.504068861
178					2.900874235					1.5919919					3.017778031					1.665536394		1.500264738						2.225731419	1.928170731		1.768293902
179					2.532578206					1.688870689					1.573619128					1.842066804		1.880636838						1.522194038	1.782689831		1.889030658
180					1.631223265					1.591076599					1.787183091					2.281918228		1.731899013						1.619281731	1.602582953		2.175152767
181					1.679855966					2.018105505					1.906582534					1.96922661		1.57847995						4.559114731	1.507824436		1.709019104
182					1.717597255					2.222875827					1.689058591					1.681635063		1.788233333						1.603677447	1.812556816		2.62971031
183					1.71498144					1.557572767					1.507144055					1.703366603		1.591789508						2.077458925	1.798207729		2.693978923
184					1.563348297					1.536710832					1.502570212					1.684087507		1.538544524						2.406339543	1.65827664		1.687686306
185					3.445394258					1.51193862					1.699770532					1.590617823		1.55761413						1.76451597	1.973697949		2.669526139
186					1.647567081					2.049182106					1.632271135					2.124256944		1.857004462						1.955884633	1.572324997		3.175500685
187					1.536298474					1.55854345					1.512442296					3.474977345		2.828849894						1.713911973	1.568487786		1.791440719
188					2.601399753					1.511169847					1.624468058					2.562766562		1.535473152						1.555101686	1.580456659		1.5525829
189					1.868219402					1.735476689					2.325630284					1.52568276		2.079156663						1.616766924	1.623223716		5.993373334
190					1.710171524					2.155788573					1.640088242					2.8944757		2.115784793						5.32638607	1.647735444		1.750744544
191					1.542865477					1.87395753					1.587809027					2.288568957		1.526398452						1.555781211	1.733868307		2.35822246
192					1.617341529					1.646773015					1.507287718					1.807500717		1.613395943						1.609057492	1.512590589		2.010654661
193					1.557569342					1.549380547					1.702979546					1.89370592		1.853476628						1.835809768	1.664959927		1.587796037
194					2.159306399					1.579530687					1.763517154					1.589373056		1.633734898						1.578906378	1.670210949		1.722872595
195					4.089010463					1.532724185					1.684171965					1.786298033		1.593057202						1.714374304	1.566263098		2.510142348
196					1.630639105					1.864743525					1.566533561					1.545064949		2.005553829						1.772754475	1.598851572		2.051825414
197					1.716511293					1.875916693					1.567072948					1.747084194		1.585557917						1.74469046	1.510015469		1.647984109
198					1.590549491					1.669445571					2.025101596					1.622993355		1.622627103						2.619952628	1.738873134		2.046017654
199					1.80980809					1.606769409					1.676974108					1.730729611		1.566725527						1.681622032	2.48924098		1.796998404
200					1.914589651					2.450279066					1.537236118					1.659670777		2.051838512						1.616939228	1.572420339		2.737012541
201					1.531625539					1.808048927					1.848612572					1.854371242		1.558250751						1.554354319	1.834964053		1.51736412
202					2.03026727					2.117499541					1.606409836					2.231306029		1.528357327						2.164088592	1.739109769		2.222343833
203					1.648544205					1.842230495					1.643299643					1.668696494		1.611093485						1.603957867	1.50177743		1.638817768
204					4.082368587					1.617257463					1.577182573					2.096632193		1.522603383						1.600242426	1.516427633		2.725857902
205					3.64090208					1.547066169					1.993910115					1.710953188		1.519241208						2.155657424	1.652036613		1.560195098
206					1.745941342					2.580694941					1.538908164					2.475929219		1.587277176						1.984301632	2.017310883		1.537224301
207					1.90807348					4.115484223										2.001930353		1.704706305						1.622962862	2.067587985		3.994186772
208					1.622082084					1.637498619										2.096767342		1.738487955						1.835755314	1.712291219		10.18295758
209					4.011018332					1.797787101										1.764099978		1.591140406						1.532631876	2.050173228		1.503625705
210					2.174269091					2.390536742										2.713476116		1.535212491						1.521396248	1.900011873		1.700097441
211					1.86016551					2.533010838										2.153435919		1.51381579						1.598427416	1.526652275		1.767723487
212					1.569355451					1.931997688										2.754873355		1.502483768						1.715617057	1.757644947		1.669636656
213					1.734338961					1.697797729										1.952575419		1.852016903						1.627251948	3.131022597		1.508502005
214					1.693181645					2.036919445										2.526552242		1.869306611						1.596923875	1.567367271		1.723310549
215					1.581508927					1.814681166										1.978656703		1.706557267						1.648316905	2.141135273		1.728995847
216					5.933853246					1.709072594												1.787018163						1.665506044	1.556380113		1.718077045
217					11.47835572					1.523249644												1.697178299						1.551869362	1.638847111		1.694638905
218					2.057243313					1.808804352												2.485351044						1.562683444	1.62085336		1.549465451
219					1.574263795					1.584204369												3.199431212						1.643771014	1.601527044		1.736414356
220					1.532388615					1.654364252												1.973372636						1.686403318	1.575547836		1.552042421
221					1.663415636					1.593260315												1.745534408						1.778976246	2.017911913		3.297364882
222					1.522674511					2.032749472												1.604832137						1.652628305	1.537374726		2.131468912
223					1.650594574					3.820662108												1.772968146						1.509265107	1.552709068		1.641948363
224					1.631281037					1.500244824												2.125954583						1.744059789	2.793300026		1.51955069
225					6.827120289					1.740839303												1.827096332						1.746024006	1.904246172		1.622076453
226					1.690651169					2.427112011												2.053837678						1.588627906	2.85740221		1.836570047
227					11.01141091					1.719283804												3.172760332						1.552716833	1.577982888		2.967841218
228					2.297899126					1.793602316												2.224695764						1.550601091	1.537692083		1.930199056
229					1.618262472					1.678462583												2.029438307						1.556198288	1.669775688		1.728116812
230					1.562339175					2.524423994												3.175868559						2.619829908	1.570224683		1.543696118
231					1.874309589					2.070530812												1.580301791						1.642449854	1.582466917		2.534432768
232					1.529136273					1.523171126												1.684590024						2.684410783	1.586838818		2.558245152
233					1.652666813					2.087572749												1.509952119						1.589745911	1.675574654		1.605966836
234					1.525965605					1.535722029												1.523980386						1.727189867	1.981790952		1.529725732
235					4.281962174					1.618649503												2.737163192						1.569182595	2.241911167		1.524482924
236					1.790259239					1.524419447												1.557387989						1.684081308	1.517449963		1.530321553
237					1.669558052					1.704831175												2.547331009						1.517761593	1.531927778		1.720365801
238					1.503379105					1.523516143												2.080803717						1.593560807	1.853712643		1.600964947
239					1.533761106					1.625768317												1.915652444						2.212188288	1.910620172		1.527853778
240					1.585335906					1.946852762												2.269875454						1.50065097	1.606945186		1.550796628
241					1.786819322					1.610371798												2.096462708						1.586017758	1.512773231		1.721858138
242					4.074334561					1.987578886												1.652381972						1.842244967	1.520078291		1.696837843
243					9.659976925					2.711693555												2.44572545						1.70619514	1.628581802		2.012273259
244					1.761253165					1.546791331												8.582606746						1.759975754	1.718511424		1.64241112
245					7.180362804					1.537047957												2.683473159						1.537922106	2.143431641		1.574826068
246					2.29641798					2.489107439												1.681887231						1.965755358	2.687286436		2.18371763
247					2.298945405					2.321957415												1.682900876						2.024824337	1.611382371		1.62101511
248					1.682377256					1.738844472												1.563300384						1.552279636	1.589867142		1.674663787
249					1.557512152					1.636714326												1.543300124						1.663459379	1.928083482		1.600960252
250					1.511327524					1.843124045												1.979551188						1.984334454	2.971380226		2.887926909
251					1.773086089					1.567874706												1.723767						1.509350777	1.589491361		1.84682465
252					1.864069007					1.896850979												1.604163994						1.736372363	1.703483145		1.52419255
253					1.689049082					4.608096781												4.725889075						1.725876305	1.817342034		1.647281619
254					1.608005922					1.520103076												1.762102443						1.560312968	1.638188319		1.765512682
255					2.498665185					1.869401408																		1.507613758	1.726405885		1.609947728
256					1.934455134					1.860045722																		1.691660718	1.519780848		2.422529162
257					2.989260033					1.599355243																		1.521920649	1.756564228		1.967432748
258					1.627978939					1.771560851																		1.599068984	1.8345163		1.935614247
259					3.10715153					1.644879115																		1.536950461	1.884909352		1.66781334
260					1.55525259					1.581204061																		1.625252018	1.672163518		1.604603101
261					2.329671671					1.55116271																		2.390720304	1.569224014		1.725743071
262					1.661077887					2.556211424																		2.054370911	1.802340301		1.590552948
263					2.334430057					2.398480305																		2.406295241	1.508308699		1.574275085
264					2.488411894					1.949915742																		1.645429553	1.665799612		1.878448007
265					1.597376804					1.536696011																		1.644700026	1.603558605		2.198039642
266					1.757762469					1.924175369																		2.215188785	2.607589044		1.768153311
267					1.801384924					1.650604515																		2.020406139	1.89911575		1.833748075
268					1.599204387					1.622485792																		1.900285162	1.59910761		2.203193674
269					2.916838933					1.720166174																		1.94282682	1.562853458		1.773934179
270					1.7076396					1.650870479																		1.761734459	1.595720892		5.712248584
271					1.513707835					1.729900327																		1.835622892	2.694699938		2.734459893
272					2.573489488					2.412595374																		2.000193414	1.971017769		1.551316729
273					2.470364571					1.633195764																		2.632708358	2.474257472		1.629316668
274					2.052798571					1.594737462																		1.62718998	1.514534467		1.688572033
275					1.795150851					2.100403625																		1.977166054	1.728790761		1.507577252
276					1.951264279					1.630049819																		2.058785572	1.928292821		1.581674258
277					4.242457936					2.080034716																		3.232443342	1.670452		1.591513367
278					1.755486371					2.00051202																		1.834268846	1.917037454		1.612090707
279					3.411702811					22.74897925																		1.904071485	1.546690783		1.608515336
280					1.505059439					3.494701108																		1.631382076	1.535621879		2.336951722
281					1.555901264					13.44303582																		2.34337605	2.195407779		1.569480926
282					1.541033837					4.081427139																		1.804098782	1.761701385		1.876118237
283					2.447515223					3.659506898																		1.543277504	1.592306821		1.516540887
284					1.887343027					2.153235938																		1.593696023	1.604071208		1.832577586
285					1.90046801					1.690224634																		1.619369903	1.627937425		1.628910776
286					1.528513766					3.959006464																		2.492219235	1.561480818		1.554302206
287					7.138273521					1.97477939																		1.60732359	1.619286979		1.700472627
288					1.898571908					1.835519222																		1.534179141	1.807993981		1.535436012
289					1.50366597					8.776193788																		1.545973483	1.531846927		1.524299828
290					1.676703193					1.517121197																		1.516931362	1.52978773		1.66986368
291					2.220717456					2.25872392																		2.35384615	1.545895424		2.664332079
292					1.734806948					2.461815734																		1.851466732	1.50156831		1.726760971
293					3.593814783					3.024835039																		1.80711667	1.633109741		1.986509837
294					1.62469698					2.04774215																		1.523475643	1.632573893		1.905015098
295					2.417531632					2.106686696																		2.256976407	1.526336507		1.508666
296					1.550876188					2.404409191																		1.505570479	2.024549064		1.861764609
297					1.870051858					1.859227832																		2.054515765	1.559949253		4.61025869
298					4.06850761					5.463578456																		1.527934467	2.059281581		1.641050597
299					4.486252933					1.737650679																		1.995171486	1.736713715		1.562283255
300					2.080166699					7.172406926																		1.640413417	1.520285371		1.977370434
301					1.703017028					3.020982043																		1.839598401	1.618577463		1.596933313
302					1.63430657					6.004688061																		1.510097437	1.512203775		7.620685902
303					1.90916657					1.943774006																		1.991126346	1.553924843		1.775581898
304					1.71161197					11.74943527																		1.65530239	1.718620529		1.552145726
305					1.801441792					6.927068541																		1.768373232	1.569357943		1.725881252
306					1.652228058					5.391693539																		1.998421385	1.693201914		3.610946544
307					4.429749319					2.366667431																		1.55197641	1.673645402		1.666540723
308					1.802260154					4.014679613																		1.943731931	1.570212867		1.519281164
309					2.665208188					1.526980332																		1.71423111	2.015114555		1.680083852
310					12.05623733					1.539328105																		1.855626877	1.781520055		2.005378356
311					1.752918665					2.603228678																		1.740527812	1.509322548		1.859126005
312					1.638415353					1.556328014																		2.102437975	2.052564341		1.845798402
313					1.585221332					8.115472178																		1.983784812	1.561569474		2.076309748
314					2.909393716					13.03993182																		1.950037054	1.727488569		1.750942499
315					1.868653996					1.794773465																		1.70854013	1.540926782		1.773145185
316					1.56081204					4.686031992																		1.903805607	1.563884101		1.608677723
317					2.030982513					7.047613446																		1.903740132	1.612137142		1.619604428
318					1.60312754					2.959721459																		1.890869062	1.921107929		1.952723286
319					2.413150279					2.0049537																		1.637671829	1.803433586		1.538718443
320					1.639226412					1.673931094																		2.001574032	2.011342178		1.656741584
321					1.543785543					2.656449763																		1.990279775	2.296709799		1.634346552
322					3.039442944					1.80580794																		1.547157993	1.85079392		1.570658885
323					1.680485186					2.536744966																		1.67574976	1.573119438		1.511051935
324					1.687780967					5.814068617																		2.271010532	2.144486841		1.605173496
325					5.917985156					4.012287377																		2.129894873	1.518180234		1.526739153
326					1.738643584					1.920726013																		1.74811041	1.624357199		1.643696599
327					1.657166852					1.994035617																		1.604294032	1.794453496		2.070371772
328					2.474484164					1.611434744																		1.69077251	1.636861601		1.917533484
329					2.38321095					2.000687387																		1.891751108	1.782259806		1.759900766
330					1.557093032					1.573933539																		1.730648374	1.587867914		1.742039247
331					1.974676439					1.957868505																		1.914556696	1.831524518		1.748176708
332					1.52482145					2.504146408																		2.215911257	1.675552144		1.548496678
333					1.539076254					4.424747513																		1.602227266	3.292918442		1.965316025
334					1.515639806					3.66844006																		2.004727563	1.818139916		1.574192462
335					2.036505235					2.247669239																		3.906095987	1.588234796		1.556194287
336					2.196308708					3.357817708																		1.648335149	1.570087128		1.661508598
337					1.72864922					3.354610141																		1.670508274	1.559937109		1.565623702
338					1.914497248					2.121049546																		1.765368972	1.76929879		1.582748536
339					2.944991748					2.037848564																		1.656047684	1.975956209		1.5229795
340					1.524350054					1.578183208																		2.588220396	1.526655614		1.619045711
341					1.537414859					1.505595448																		1.661415183	1.820674519		1.520393595
342					1.613368153					1.501098586																		1.777164992	1.534169685		1.632768991
343					1.525488967					1.518257802																		1.854423172	1.955550992		2.54645371
344					2.104408814					1.535092682																		1.703774024	1.7824962		6.963006249
345					1.580492405					1.573158586																		1.530635128	2.130152569		2.060836875
346					3.177233016					1.502269648																		1.629798959	5.110467301		1.59383473
347					1.704871847					1.548928168																		1.505926749	1.669633392		2.090413372
348					1.936213671					inf																		1.913794918	1.757774258		2.005089828
349					1.702148719					1.501951613																		1.519134305	1.585012995		2.130573533
350					1.980759804					1.508983668																		1.51125972	1.903957613		2.09541299
351					3.188666064					2.482399435																		1.549121219	3.640067076		1.50673232
352					1.660440935					3.344827726																		1.979092084	1.61650424		1.566891288
353					1.634822768					4.25183152																		1.764017056	1.925433627		1.629359815
354					2.630193274					1.871569716																		1.503354284	inf		1.535253075
355					2.905737728					1.503435726																		1.584524031	1.759441708		1.549108999
356					4.944904803					1.676143179																		1.530803275	2.787585645		1.709452423
357					2.766892397					1.851453715																		1.567924884	3.025803989		1.62360883
358					1.563061871					1.794722155																		1.829813792	2.304865477		1.514854614
359					1.935977332					1.608293171																		1.633743336	2.090120557		2.234988181
360					1.755352226					1.889240867																		1.672451033	1.957904412		1.634444064
361					1.599286895					1.884225564																		1.761517054	1.856268247		1.679959225
362					2.265660982					5.195550533																		1.531865588	1.616517174		1.70304994
363					1.538116622					2.030874874																		2.245658337	3.310936218		1.612583422
364					1.565207651					1.918719522																		1.786073393	3.110132466		1.876184693
365					3.614632593					1.528942535																		1.513587867	1.866081658		1.55249366
366					1.641972349					1.704168756																		1.586930823	2.526274998		2.660035371
367					1.933520023					1.661971708																		1.77820792	1.590670472		1.546153546
368					2.141462604					1.596504039																		1.579283499	2.220097063		1.669387929
369					2.068078198					1.616063324																		1.755065639	1.660726421		1.804088584
370					1.678302025					1.916336634																		1.762922295	1.67003743		2.806747949
371					1.785583257					2.197687039																		1.863630374	1.560597941		1.892585309
372					2.125588291					1.546648062																		1.586920872	1.542347185		1.743997767
373					3.243386392					2.164962118																		1.952579583	1.832653433		1.596985491
374					1.950825299					2.983800763																		1.706469704	3.100642411		1.530813338
375					1.60844262					1.948929073																		1.584412931	1.568157593		1.749911954
376					3.512825614					2.814530448																		1.523614635	1.566443561		1.915755152
377					3.599641209					2.462751969																		1.512613197	1.664749762		1.645227065
378					2.987194088					2.420401406																		1.536727236	1.555490918		2.144789221
379					1.927306867					3.519804744																		1.513160051	1.702827909		1.566468782
380					1.530937749					2.640684934																		1.747250058	1.583650868		1.514223339
381					1.513868241					1.588398373																		1.511825524	1.820391059		1.695324571
382					1.838691541					2.118680824																		1.921808915	1.733414314		1.655424962
383					1.57505478					2.457333462																		1.572523682	1.652557445		1.592257833
384					2.319816826					1.814787078																		1.545295428	1.69709111		1.804382707
385					1.654736789					3.12990638																		1.677231026	1.519753256		1.505878793
386					1.603948464					1.596024334																		1.62335481	1.532996263		1.598035815
387					1.564926461					2.505657373																		1.565719442	1.553078062		1.694492737
388					3.271051821					1.983614453																		1.550644349	1.50873539		1.699306858
389					2.427129094					1.601094831																		1.551388944	1.627016782		1.565015637
390					1.520845569					1.643500284																		1.631220382	1.655615298		1.534394333
391					1.902203701					1.813755603																		1.553602967	1.514582788		1.921425886
392					3.702196389					2.094415337																		2.641910458	1.550431786		1.55316066
393					1.693925502					1.881660768																		1.686857699	1.768653457		2.512013415
394					4.331728113					1.542024097																		2.758426346	1.91483382		2.112412127
395					1.524714703																							2.174057467	1.560245952		1.711000919
396					1.610426741																							1.532604156	2.50999183		2.23287179
397					1.556424991																							1.628530539	1.757936693		1.563858292
398					2.022713706																							1.697118897	1.565774051		1.534839832
399					1.786157564																							1.563626023	1.575730678		1.746600188
400					1.874165582																							1.793473318	4.113022442		1.585814953
401					1.752796876																							1.611293294	1.830284861		1.72863332
402					3.216104447																							1.536648984	1.882714953		1.523000716
403					1.786803232																							1.519775239	1.693124938		1.542128724
404					1.798025201																							3.434188598	1.759747134		1.980156895
405					1.535520942																							1.728317102	1.688279614		1.642542775
406					1.706640865																							1.841493768	1.619445398		1.764348051
407					1.849968927																							2.305017114	2.012365492		1.616981718
408					1.946094409																							1.880319807	1.569917841		1.845900127
409					1.72668908																							2.284742198	2.212073327		2.201485067
410					1.67347158																							2.477129249	1.571805847		1.764238183
411					2.002088241																							2.029291831	2.621724378		1.533862345
412					2.201432827																							2.163710935	1.894373295		1.529569226
413					1.571052761																							2.447851729	1.521259823		1.59643324
414					1.906191479																							2.009773002	1.695503724		1.626443755
415					1.936724421																							2.194180168	1.542711822		1.739009705
416					1.80069831																							2.006095674	1.85890974		1.510628926
417					2.944018345																							2.14029912	1.758252298		1.611019896
418					1.585412269																							2.020776651	1.513449242		1.530948825
419					1.879869165																							2.48963264	1.505110967		1.655380446
420					2.826696821																							2.158448563	2.172764845		1.500875102
421					1.866399388																							2.391273723	1.745621904		1.910987045
422					1.734510491																							2.071787906	2.000556777		1.624386764
423					1.850975125																							2.388797567	1.808438761		1.574759764
424					1.892338383																							2.926382322	1.627369828		1.675262561
425					1.649519513																							2.254422458	2.066174936		3.910260259
426					3.242620326																							2.726989962	2.735557748		1.615763547
427					1.978940777																							1.96501222	1.969711944		1.554393799
428					4.595093035																							1.611712454	2.002492436		1.518120932
429					2.21541224																							1.720204956	1.907975491		1.560648411
430					2.270530697																							1.758703209	2.032456969		1.528613376
431					1.66411761																							1.823427537	1.826653004		1.559517435
432					1.826668442																							1.517692779	1.636833802		1.686307043
433					1.834386256																							1.660839782	2.625838626		1.551118414
434					1.790982179																							1.563241381	2.231176018		1.673303167
435					2.341219085																							1.553497752	1.711237291		1.627112873
436					1.826319795																							2.1018911	1.610566623		1.605210362
437					1.941429839																							1.866091274	1.536107316		1.677902654
438					4.122971884																							1.688947675	2.063559546		1.508729536
439					1.666793814																							14.27976519	1.849313128		1.89640009
440					1.933142374																							1.507657229	1.53147023		1.566811398
441					2.749502037																							2.219665331	1.909397144		1.668831131
442					4.15619418																							2.488118119	1.678857888		1.886357042
443					1.78564218																							1.766391092	3.858940939		3.174282754
444					2.25115918																							1.592585888	2.531273182		1.776853898
445					1.916169957																							1.55900446	7.951436508		3.691371567
446					1.744474376																							2.056896232	1.679129874		1.621490564
447					1.564198678																							1.515705814	2.114658947		13.57203713
448					1.838323788																							1.767791755	2.189203529		1.633389853
449					1.571629283																							3.229638982	1.734386591		1.739475549
450					1.857173528																							2.197445366	2.986703433		14.817703
451					1.618896921																							1.522630436	1.656883086		2.172591957
452					1.622313318																							1.969394999	1.817074077		1.544690047
453					2.057666556																							1.565299793	2.27621685		1.576442918
454					1.631640048																							1.734266249	1.992920848		1.52424608
455					3.554911659																							1.918072325	1.990193775		1.587051694
456					2.898713588																							2.23608776	1.928581488		1.536222992
457					2.523066666																							1.582605145	1.773543133		1.516068316
458					1.513910326																							1.51759071	1.522482792		1.506377281
459					1.604915134																							1.789028864	2.101895581		1.521246549
460					2.155761275																							2.007354186	1.581333899		1.674674445
461					3.074606312																							2.062588649	2.240716398		1.550649043
462					3.183852883																							1.644947135	1.547551185		1.659328045
463					1.660559231																								1.506358332		1.62372086
464					2.27504887																								1.513743844		1.589735857
465					2.284845072																								1.61405437		1.658945842
466					1.53457677																								1.650505382		1.659163684
467					1.592023557																								1.658163089		1.962226391
468					2.280063787																								1.678313854		1.514534808
469					1.775490291																								1.795222511		1.504763567
470					1.557865997																								1.503109308		1.722530458
471					2.827226886																								1.715845587		2.893507515
472					2.371837633																								1.726457968		1.512182692
473					3.150660478																								2.845929011		1.56555992
474					1.55644241																								7.842047686		1.500334808
475					1.837745302																								2.698766939		3.619266609
476					1.648253347																								1.563302778		1.754273465
477					1.573335845																								1.698715174		1.52511393
478					1.682323369																								1.640402019		1.912631097
479					1.554794544																								1.705146042		1.758654021
480					1.501872502																								1.934571487		1.777790939
481					1.841031717																								1.739370067		1.674304628
482					1.799622608																								1.509228803		1.679007893
483					1.597358154																								1.764264996		1.541534019
484					1.878335537																								1.861222032		1.680977335
485					1.922628247																								2.068877543		1.720194412
486					1.554237812																								1.52929657		1.639853226
487					1.76094778																								1.543247938		1.894730666
488					2.007904191																								1.612493463		1.679206115
489					1.594676697																								1.764473434		1.858214322
490					1.503515314																								2.908312747		1.661528196
491					1.592784947																								7.296282344		1.528893339
492					3.452835868																								2.283185378		1.634273288
493					2.060012936																								1.530591319		1.672570356
494					6.135345528																								1.501136427		1.518423756
495					4.816887248																								1.834974564		2.078995369
496					1.523143482																								1.517287472		1.639579224
497					1.589448325																								2.335466492		1.563640604
498					1.693957657																								2.051163373		1.504735123
499					1.541156046																								1.932231938		1.644599965
500					1.744841894																								2.07019171		1.783562007
501					2.14441507																								1.589852172		1.651753852
502					2.400892259																								1.54672503		1.662659472
503					1.923097592																								1.964923099		1.532728171
504					2.158714098																								2.285932974		1.633555125
505					1.505324628																								1.850665517		
506					1.795646595																								1.668432603		
507					1.682733794																								1.521968549		
508					1.58069921																								1.820694734		
509					8.931797589																								1.504454004		
510					2.555179826																								4.734211764		
511					1.903931851																								1.504861293		
512					2.214458131																								2.076173771		
513					1.834401927																								1.847167758		
514					1.584566356																								1.972121665		
515					1.533012385																								1.691533337		
516					2.412341055																								1.840293205		
517					1.573303609																								2.005520371		
518					1.781272182																								1.603105502		
519					2.354639321																								1.669774178		
520					1.928531982																								2.11196824		
521					1.501462859																								1.613009614		
522					2.350469386																								1.564602287		
523																													3.011376627		
524																													1.525660227		
525																													1.523251297		
526																													2.316130223		
527																													2.617310424		
528																													1.505331423		
529																													2.22983871		
530																													1.536212302		
531																													1.537853049		
532																													1.669585256		
533																													1.685679517		
534																													1.695094029		
535																													1.822777732		
536																													1.696282173		
537																													1.614878034		
538																													1.815845574		
539																													1.574337733		
540																													2.588894436		
541																													1.598059705		
542																													1.862621853		
543																													2.30286999		
544																													1.514258682		
545																													2.0461872		
546																													2.493882404		
547																													1.663397638		
548																													2.851507687		
549																													2.089067821		
550																													1.509664749		
551																													1.622450648		
552																													1.505752469		
553																													1.549227534		
554																													1.85478391		
555																													2.267495438		
556																													1.594153901		
557																													1.652205653		
558																													1.547612227		
559																													1.719266718		
560																													1.508700042		
561																													1.746124543		
562																													1.591842484		
563																													1.816752591		
564																													1.544826184		
565																													3.009971689		
566																													3.752348188		
567																													1.672773464		
568																													2.393267119		
569																													1.508824585		
570																													1.614452311		
571																													1.619403072		
572																													1.685211859		
573																													2.940515977		
574																													2.550691883		
575																													1.969855756		
576																													2.123905627		
577																													2.565376387		
578																													2.507462057		
579																													1.534976682		
580																													1.881839593		
581																													1.586376323		
582																													1.745997009		
583																													1.628527747		
584																													1.542218489		
585																													1.503690583		
586																													1.59408706		
587																													1.766360677		
588																													2.044926863		
589																													1.93377505		
590																													1.744765703		
591																													1.537166903		
592																													1.503651992		
593																													1.780837169		
594																													1.539588041		
595																													1.636741994		
596																													1.566480949		
597																													1.519216247		
598																													1.923474795		
599																													1.552274468		
600																													1.546583882		
601																													1.595107717		
602																													1.5803166		
603																													1.626968825		
604																													1.585277361		
605																													1.683807742		
606																													1.679035949		
607																													1.512418885		
608																													1.659234799		
609																													1.50674603		
610																													1.661270508		
611																													1.820746978		
612																													1.812108758		
613																													1.679129852		
614																													1.611112123		
615																													1.577249204		
616																													1.72132411		
617																													1.545546905		
618																													1.52565428		
619																													1.523254701		
620																													1.570500103		
621																													1.54984917		
622																													2.072752912		
623																													1.509813855		
624																													1.515737674		
625																													1.675500281		
626																													2.251828242		
627																													1.501246688		
628																													1.677142606		
629																													1.500879171		
630																													1.65070356		
631																													2.196920384		
632																													2.611128703		
633																													2.10614356		
634																													1.788409442		
635																													1.606921286		
636																													1.914882952		
637																													2.725302743		
638																													1.7415495		
639																													1.697342185		
640																													3.41741479		
641																													2.127922943		
642																													1.526451075		
643																													2.2617701		
644																													2.607045423		
645																													1.675900334		
646																													2.292120538		
647																													2.035900331		
648																													1.946141877		
649																													1.746607976		
650																													1.548601484		
651																													1.60697888		
652																													2.204313026		
653																													1.516372817		
654																													2.359106235		
655																													1.651128424		
656																													1.518043545		
657																													1.723970072		
658																													3.884486383		
659																													1.529447243		
660																													1.74320059		
661																													1.531788793		
662																													1.850525056		
663																													1.542318916		
664																													1.651558136		
665																													131.5960013		
666																													2.979800924		
667																													10.03378398		
668																													2.671386785		
669																													1.799686535		
670																													1.884637817		
671																													1.554431527		
672																													1.583486255		
673																													1.556780618		
674																													1.80410543		
675																													2.149963911		
676																															
